actual_value	predicted_value
-1.4836505200000172	-1.4523525
-1.6082296800000133	-1.5270346
-0.065371230000002	-0.29424563
-0.1659387200000051	0.040247895
-0.2571893400000018	-0.11772535
-0.3009686800000022	-0.32116362
-0.16416111999997973	-0.08742796
-0.8548695700000035	-0.7486249
-0.317088189999998	-0.36574233
-0.27825872000000196	-0.27051818
-0.2945810300000087	-0.2992404
-0.8031397700000067	-0.8554077
-0.09343903999999803	-0.0036622472
-0.19550066000001287	-0.13658631
-1.7155198299999963	-1.3871275
0.1310339900000006	0.062972516
0.4427233300000015	0.10678277
-1.7007085600000007	-1.7737628
0.03452605000001974	0.020042308
-0.39349571999999533	-0.47589195
-2.2034873000000257	-1.9811782
-0.730491280000015	-0.7680521
-0.12282774000001062	-1.9139085
-1.405728330000036	-1.4543221
-0.592153829999992	-0.5300421
-0.1534775500000105	-0.15192108
-1.1984337300000245	-1.0729605
-1.9389747100000019	-1.478763
-0.3693791000000015	-0.005099289
-0.9621493400000158	-0.8657907
-1.58150563999998	-1.6057428
-0.525162259999993	-0.55875444
-0.27749869000000693	-0.39906588
-0.4864851299999966	-0.63087934
-0.07429885999999009	-0.32599476
-0.05005102000000328	-0.085277595
-2.0211754999999894	-1.125303
-0.6660513600000026	-0.59580666
-0.9253366399999887	-1.2454329
-0.44759610999999744	-0.33877346
-1.4178484399999913	-1.5319593
-0.15403731000000498	-0.09309231
-0.23431995000000505	-0.27650356
-0.6830313799999939	-0.4438712
-0.08598632000000173	-0.16054532
-1.796329960000028	-1.5057749
-0.15269503000000206	0.020463921
-0.07583797000000025	-0.08204961
-2.219964810000013	-2.3212774
-1.5492112900000077	-1.5116873
-0.1192965800000021	-0.256232
-0.27767676999999047	-0.04462333
-0.11485532000000198	-0.13685067
-0.1640870300000099	-0.12785472
-1.42447968000001	-1.2884643
-1.079702899999992	-0.9732517
-0.8162843699999964	-0.5126481
-0.5912597399999893	-0.42600355
-0.10933218999999461	0.0045134425
-1.177778629999997	-0.9598775
-0.2756044400000004	-0.32829598
-1.128354050000004	-1.0510399
-0.08223704000001497	-0.32854673
-1.252198969999986	-1.2582384
-1.573757989999999	-1.5017356
-1.3329858100000163	-1.3325613
-0.07655946000001812	-0.061526574
-0.33207846999999013	-0.32804486
0.013298490000019925	-0.82001674
0.2680071499999972	0.050070144
-1.5562047000000145	-1.4205151
-0.1815726500000121	-0.01945319
-2.214541940000009	-2.210812
-1.326107900000002	-1.3949445
-1.7895041599999981	-1.4841108
-1.1861821499999987	-1.4830819
-1.8473801899999867	-1.8372225
-0.2132703299999985	-0.12903205
-0.02213879000000496	-0.08599769
-0.28235624999999764	-0.30216372
-1.2249874200000104	-1.40328
-0.3774513399999986	-0.78756773
-0.01227288999998244	-0.14853957
-0.43212060000000996	-0.54874605
-0.0843339600000288	-0.099765554
-0.003697000000007833	-0.011735931
-2.0123764699999835	-1.6736959
-0.7390577499999917	-0.5892943
-0.1812426800000022	-0.17525929
-2.1934364900000016	-2.1303456
-0.545001229999988	-0.47258595
-0.1325224099999982	-0.066852584
-1.4922128200000113	-1.61353
-1.0820150199999912	-1.8948698
-0.012002950000001178	-0.008352093
-0.03399595000001021	-0.16114426
-0.010916460000009565	-0.047904518
-0.7144455499999989	-0.10360132
-0.7107523299999965	-0.5122143
-0.00673830999999403	-0.091935754
-0.5481733799999997	-0.5198505
-0.0461682000000021	-0.029854279
-0.040025509999983555	-0.14727344
-0.6637981800000059	-0.54023975
-0.3424340499999996	-0.36720943
-0.6035281700000237	-0.4196096
-1.646439209999988	-1.5543723
-0.8531886000000011	-0.8210639
-0.36309158000000785	-0.2909498
-0.34526572000000577	-0.39036694
-2.2865342999999907	-2.095345
-0.6723295299999972	-0.5187936
-0.16211061000000448	-0.0844607
-0.9970338000000023	-0.99354446
-1.0410627200000047	-1.0775836
-1.2247609199999854	-1.0470077
-0.33039825000000356	-0.40017802
-1.2237444499999892	-1.1637495
-0.5290544199999996	-0.43098208
-0.5334081100000017	-0.5962924
-0.8226999899999807	-0.776543
-0.10091930999998588	-0.24935392
-0.024883359999995136	-0.07316572
0.1122118099999998	0.06797694
-0.9479289499999961	-1.8971801
-0.8213425999999995	-1.3928514
-0.06873797999999987	-0.06865863
-1.3713102800000012	-1.3529783
-0.1845730600000106	-0.16314644
-1.6919163999999878	-1.7100888
-1.2342243499999963	-1.4703705
-0.9800380699999973	-1.0472275
-1.9041755599999899	-1.9526626
-0.3543110899999977	-0.103642404
-2.203171490000008	-2.0284467
-1.0004337999999873	-1.0539504
-0.9693940299999948	-0.67269653
-0.0753022699999999	-0.085860446
-0.07224198000002069	-0.25047764
-0.0017688100000068374	-0.06850086
-1.6047772899999924	-1.7668041
-0.33228892000000165	-0.34908274
-1.0906102599999965	-1.1341587
-1.1611291299999973	-1.0825914
-0.5035944999999966	-0.47709605
-1.368829840000009	-1.328672
-0.582654210000003	-0.60686135
-0.6634476099999969	-0.71244776
-0.15473565000001166	-0.20697644
0.0101679400000112	0.04127752
-0.4269027999999846	-0.28800058
-0.01995168000000369	-0.016725093
-1.768569140000002	-1.6723464
-0.2618480500000029	-0.35156423
-0.8792004500000044	-0.8880984
-0.6597474999999999	-1.0491992
-0.35210375999999677	-0.28502548
-0.03412200000000176	0.053391114
0.1815569499999956	0.06421867
-0.14867717000000447	-0.11910341
-0.3111997100000021	-0.18560773
-0.43759910999999896	-0.33896494
-0.04841931999999893	0.033626527
-0.5375001800000003	-0.38218424
-0.12831148999999265	-0.1471924
-0.4499508200000175	-0.3476685
0.04234250999999212	-0.060520258
-2.1057580300000094	-1.9254184
-0.14885484999999754	-0.084214695
-1.5427771600000053	-1.5053488
-1.4007139599999814	-1.2715324
-0.2640730900000019	-0.9561596
-1.4706419300000046	-1.8486289
-0.5366250400000094	-0.7801074
-1.4785427800000033	-1.3379258
-1.1681348400000129	-1.279644
-0.2160146399999885	-0.15189195
-1.2628636400000115	-1.3672892
-0.1481244700000044	-0.047720492
-0.26411745999998537	-0.33482978
-0.0004499199999852266	0.019235916
-0.7365432500000022	-0.66359544
-0.20640788000001997	-0.34863925
-1.4740079699999935	-1.2599542
-0.4372672800000057	-0.29186156
-0.015161730000007978	-0.16208394
-0.5757532699999981	-0.56453556
-0.3210053000000084	-0.18937585
-1.0750554200000035	-0.4977811
-1.1539927500000058	-0.57211554
-0.8398718400000202	-0.8876573
-0.8685572399999639	-1.3376881
-0.3282610399999921	-0.14840311
-0.8271601600000107	-0.61607593
0.04740003999999409	0.05814171
-1.750331049999991	-1.8292408
-1.5654838599999916	-1.3999836
-1.956725429999997	-1.9860485
-0.3633741799999992	-0.41144058
-2.065548880000014	-1.926974
-0.9901432299999922	-1.1428818
-0.26557554999999944	-0.3836432
-1.548689709999982	-1.5987742
-0.7270519600000025	-0.5323565
-0.9261036399999991	-0.92403513
-0.7115676799999999	-0.69328314
-1.488652199999981	-1.4723957
-0.012863999999998654	0.043657005
-0.36944702000000085	-0.35259143
-1.417598110000002	-1.3694986
-1.6140575200000082	-1.5748272
-0.18383834999999316	-0.22198921
-1.4141941999999883	-1.9225814
-0.8067956099999858	-0.8498082
-1.7976876100000023	-1.7322391
-0.0040208500000087355	0.021283343
0.0017561299999986346	-0.110812925
0.1295873499999889	-0.48521477
0.6335852599999985	0.42075765
-0.3177425400000029	-0.39428914
-1.6103069800000096	-1.7073171
-1.3036850200000085	-1.5054114
-0.008896479999995321	-0.08556457
-0.26218944000003397	-0.2983794
-0.9956884699999957	-0.8973279
-0.2663797100000149	-0.6565261
-0.9672293399999798	-1.1584669
0.1127199199999982	0.0736843
-0.34507909000000403	-0.19484892
-0.6400374199999899	-0.7030194
-0.03299342999999588	-0.019777473
-1.0362476499999982	-1.1819859
-1.7362043000000167	-1.7492379
-0.0947131699999968	-0.1651451
0.01710821000001239	0.016354285
-1.927476469999979	-1.8346894
-0.6195775300000061	-0.91494733
-0.08282272000000113	-0.16371042
-1.5066298299999996	-1.6481607
-0.8788849199999813	-0.9507455
-0.7503842000000045	-0.6565422
-0.6888225499999887	-0.6992955
-1.2546886499999825	-1.2154064
-0.3885408500000036	-0.25932032
-0.45687239000000623	-0.5248773
-2.2416887300000123	-2.1821177
0.0629728200000077	-0.17028901
-0.4843990800000082	-0.54413545
-0.1739206599999985	0.025645368
-0.41713231999999856	-0.58849394
-0.16628783999998653	-0.7594457
0.2207097299999905	-0.49619132
-0.32767098999999966	-0.4156701
-0.6628251600000024	-0.80306697
-0.4071650600000023	-0.44012645
-1.9337567700000218	-1.3656596
-0.5144411999999843	-0.45937863
-0.16413354999999363	-0.06964476
-0.6025382500000003	-0.34782737
-0.13794375999998998	-0.07207054
-0.054306699999996155	-0.15068564
-0.9047888699999955	-0.8700988
-0.44102706000000147	-0.2695965
-1.6964311599999657	-1.7777442
0.0055402000000217555	-0.9730195
-1.6896761700000038	-1.7695885
-0.4668848800000287	-0.56333464
-0.6700775099999898	-0.6546247
-0.8380647599999858	-0.5028297
-0.3762818799999845	-0.70311856
-0.0023539900000084657	-0.05637482
-0.15528007000002297	-0.25638157
-1.553059689999989	-1.7221652
-0.44464210000000115	-0.41652185
-0.6646084899999973	-0.6071391
-0.6841637900000048	-0.5611815
-0.7357899099999852	-0.77125263
-0.0643796999999946	-0.06636781
-1.0670710900000042	-0.90722424
-0.8339084699999741	-0.9152561
-0.4634334199999923	-0.40100646
-0.11288041000000071	-0.16952887
0.14682934999999908	0.1314356
-0.35435751000000515	-0.42927063
0.22108988000000274	0.10073193
-0.08811307999999052	-0.09474864
-1.566072800000006	-1.6823281
0.02899806999999477	0.020528324
-2.433786109999991	-1.844378
-0.8919479799999888	-1.1238444
-1.7227881700000207	-1.9072778
-0.27779494999999876	-0.26436248
-0.3094665999999986	-0.2821441
-0.4708707400000005	-1.0115026
-1.509243990000007	-1.8618034
-0.032208899999998764	-0.14368542
-1.3820481899999972	-1.3896049
-0.026053190000004278	-0.14662838
-1.2807242700000128	-1.3556474
0.19011200000000805	0.077585496
-1.8406911400000379	-1.7643373
-0.10000414000000113	-0.048933424
0.1442858499999975	0.062616736
-0.0775365699999977	-0.03451149
-0.061426040000005955	-0.03249966
-0.3080934399999986	-0.47115433
0.02499746000001757	-0.19502574
-1.4395748100000016	-1.3508139
-0.3657394999999948	-0.3167212
-1.7648028700000022	-1.5540428
0.15296256000000064	0.1524018
-1.335808869999985	-1.384819
-0.5681054200000002	-0.6317319
-0.48604398999999	-0.4403377
-0.3065228900000019	-0.31863734
-0.10667591999997761	-0.4021593
-1.62138127000002	-1.7372947
-0.19524922999999283	-0.29592475
-0.7547259700000009	-0.73094034
-0.8813830799999973	-0.9581597
-0.3461094199999959	-0.2917873
-0.6216142000000016	-0.46084464
-1.9675794399999997	-1.8907571
-0.3923850199999972	-0.4037411
0.03560970999999746	-0.0006374605
-0.4980523800000096	-0.42273313
-0.1633718400000017	0.06380715
-0.4718952000000112	-0.45934215
-1.1570326999999931	-1.1444106
-0.9364300199999942	-1.1230419
-1.9222812300000012	-1.7872235
-0.646911940000015	-0.5682544
0.007350259999990172	-0.027637502
-1.5089214099999904	-1.3530632
-1.491469059999977	-1.4081986
-0.4179589100000012	-0.5894037
-0.08666819999998232	-0.053181477
-1.1457493599999875	-1.2480468
-0.17532894999999904	-0.22983292
-1.2915459300000034	-1.3488489
-1.36281612999999	-1.2882216
-0.40258457000000014	-0.43589377
-0.3031089899999895	-0.391588
-1.8080519000000006	-1.827579
-0.622386440000005	-0.80025077
-0.5111795400000059	-0.15231432
-0.2787664699999848	-0.16130883
-1.3063308099999968	-1.4437387
-1.8546416000000274	-1.6941094
-0.6851427399999945	-0.78611034
-0.3577953800000184	-0.48123172
-0.39684998000000427	-0.3497253
-1.1900596400000065	-1.2530284
0.36590288999998144	0.03916569
-1.3804622599999927	-1.4445333
-1.3348627600000125	-1.0978252
-0.02101047999999217	0.042792745
0.5524663999999948	0.6307658
-2.1934112799999834	-2.072683
-1.1758254700000048	-1.074874
-0.1598429699999908	-0.29540643
-0.012788639999987694	0.06499399
-1.1320029600000137	-1.1127394
-0.009028530000000146	-0.04613427
-0.3955030899999965	-0.40412503
-0.5371149699999958	-0.42971632
-1.9671280899999797	-2.0307338
-0.20200285999999856	-0.2610846
-1.1762578400000105	-1.2361364
-1.6464079799999833	-1.6357467
-0.037201099999995435	-0.050218143
-0.2168309100000183	-0.6409184
-0.7917770399999906	-0.74520093
-0.6477974000000071	-0.5890445
0.062104760000000425	-0.12544267
-1.5005108200000077	-0.09785081
-0.831778230000003	-0.7116919
0.09467561999999852	0.09877161
-0.2484178000000039	-0.31607568
-1.1073901300000042	-0.9856577
-0.4549974600000066	-0.43012214
-0.8176222499999906	-0.9168168
-0.6481351199999974	-0.6322209
-0.24478143999998814	-0.416825
0.4649889400000067	0.13259971
-1.9404736600000003	-1.8178627
-1.3765504399999937	-1.2968826
-0.5948312500000039	-0.49182066
-0.08599683999999819	-0.13671121
-1.2418990099999885	-1.1646345
-1.6536154699999965	-1.3929479
-0.15241615999999247	-0.2075752
-2.0340305100000275	-1.300164
-0.6390604600000156	-0.43587774
-0.07630375999999295	-0.109112665
-0.3500864800000034	-0.43340936
-0.11910542999999585	-0.12345049
-0.2209785799999846	-0.22174835
-0.061370219999991704	-0.053003255
0.00025284999999009017	0.10223762
-1.609742729999999	-1.7449621
-0.5089207199999972	-0.5139525
-1.2333926499999759	-1.4536213
-0.24239116000003058	-0.22893474
-0.6182572699999778	-0.8363027
-0.32036817000000006	-0.11975849
-2.0043273300000006	-2.0475388
-1.8210462700000019	-1.6383827
-0.27523060000000577	-0.2795899
-1.950037039999975	-1.8916018
-1.447347859999999	-1.4079756
-0.0538867199999995	-0.18563548
-0.7757255400000016	-0.5986198
-0.21114936000001272	-0.10631217
-0.027198140000015414	-0.02845341
-0.28621812000000624	-0.26256707
-0.5306024300000072	-0.44006824
-0.01289749999999934	-0.14389446
-2.0880019699999846	-1.9542788
-0.05586749000000246	-0.16994196
-1.5781573199999936	-1.582732
-1.2554311599999917	-1.5216881
0.14124093999999765	-0.22558379
-0.3573532199999985	-0.39598197
-1.284601499999999	-1.2382034
-0.6339712900000247	-0.51857185
-0.5004177399999943	-0.54583675
-0.10877746000000421	-0.07146166
-0.23864078999999627	-0.3010328
-0.29990211999998984	-0.2212717
0.41513900000000525	0.18694887
-1.5476346099999798	-1.6817489
-0.6349198400000002	-0.44363353
-1.6796318200000169	-1.5969813
-0.36699984999999025	-0.37661636
-0.2551014800000271	-0.2909293
0.009012569999997666	0.09480206
-1.3241291300000082	-1.4270152
-0.25371762999997394	-0.2470336
0.006333629999980772	0.073923476
-1.4635271900000273	-1.5159252
-1.1151345700000004	-1.3703532
-0.2995460500000231	-0.40207136
-1.875467160000019	-1.8061272
-0.6777072899999919	-0.9351895
-2.1832669699999965	-2.0537813
-1.3870066999999917	-1.1200459
-0.6656869000000167	-0.45674998
-0.16249743000000016	-0.09297709
-0.03152923000000918	-0.006902974
-0.31664080999998667	-0.51357204
-0.9466450399999982	-1.2099917
-0.9449096800000003	-0.9348825
-0.4675832600000174	-0.5481857
-0.1695788000000018	-0.2463403
0.051519479999990736	0.056405813
-0.5331717800000089	-0.50695044
-0.0982618099999879	-0.15018821
-1.57208535	-1.5036997
0.14133984999998894	0.16170275
-0.059747330000012866	-0.22025943
-0.012999209999994932	0.021643303
-1.4387883200000058	-1.5494407
-2.6755704600000083	-1.9314715
0.04330925999999913	0.07414072
-0.0017461899999968722	-0.19531998
-0.2673489300000025	-0.27717164
-0.5336404600000062	-0.52173793
-1.7309915100000008	-1.6387316
-1.1672215200000178	-0.99575555
-1.0347080499999972	-0.9279779
-0.2920729799999915	-0.2811233
-0.20804167999999912	-0.16299666
-0.1654740599999993	-0.13706732
0.31455253000000916	0.21099114
-0.2881939600000063	-0.29856557
-0.17011747999997873	-0.3231509
-0.3319529500000069	-0.4208758
-0.6780322000000094	-0.4681398
-1.1856245500000195	-1.3561339
0.038647939999998826	0.05853188
-0.289145710000005	-0.31041902
-0.8532402800000138	-0.3205547
-0.015773559999997744	-0.009317201
-0.4079968699999963	-0.4278549
-1.0971506299999785	-1.0417447
-2.176855839999993	-1.6891536
-1.4747740700000005	-1.6201253
-0.4361787399999937	-0.3414219
-0.5090233499999979	-0.7226816
-0.18210080999999612	-0.1778391
-0.5075837399999994	-0.3937468
-1.2146207700000016	-1.2434528
-0.9275027199999979	-0.9529136
-0.18686853000000347	-0.29923433
-0.7491026400000091	-0.733222
-0.723898910000008	-0.30801287
0.2059834300000123	0.10557913
-0.38543255000000975	-0.35156944
-0.422779370000006	-0.2904748
-0.37520943999999723	-0.35712558
-1.6465852199999969	-1.6592616
-0.014360220000005697	-0.054452665
-0.5817519299999869	-0.4792687
0.08308088999999974	0.16132477
0.001961650000000148	0.099967144
-0.45889135999998665	-0.49178502
-0.5215775900000121	-0.6851704
-0.9077718199999847	-0.96700794
-1.4195609600000036	-1.4066898
-0.992117249999998	-0.96134925
-0.39404067000000076	-0.2949579
-0.094600479999988	-0.38683787
-1.9561601400000281	-1.8043813
-0.7890059100000055	-1.5733789
0.09638107999999512	-0.18705899
-0.6229127200000075	-0.61913884
-1.655091600000011	-1.5737591
-0.18553406000000727	-0.07286425
-0.5664142999999964	-0.66973877
-0.2978949500000194	-0.32317394
-0.7165096700000131	-0.78708375
-0.08668948000000931	-0.12239286
-0.299503050000018	-0.34576204
-0.6692356999999998	-0.46614197
-1.5069650400000025	-1.4758635
-0.1718237800000022	-0.34242243
-0.5869120699999879	-0.36351886
-0.1449351700000019	-0.16971871
0.020949570000007967	-0.049085148
-0.1689867599999939	0.005520284
-0.005353360000006191	0.010140099
-0.481059390000004	-0.41057295
-0.023892719999983214	0.049978055
-1.9795209700000154	-1.7724731
0.036595380000003175	0.056967884
-1.942629529999996	-1.49885
-0.002434139999982321	-0.35725707
-2.2135472300000085	-1.9050293
-0.12571913000000556	0.17932975
-1.0845741400000062	-0.9566232
-2.1635960100000116	-2.091635
-0.5030202699999986	-0.5566414
-0.3686384299999954	-0.40670907
-1.4689291400000055	-1.5123357
-1.498003400000007	-1.5662494
-0.0008659500000103293	0.021252416
-0.057200039999989016	-0.06460773
-1.0497147300000105	-1.2817534
-1.1054431100000013	-1.2386279
-0.3972342000000051	-0.4212903
0.004511410000000993	0.04533516
-0.32354436000000497	-0.34341744
-0.2929315300000095	-0.30804914
-1.10179236000001	-1.0976868
-1.2024692499999983	-1.0385532
-0.34936762000000066	-0.3906642
-1.2045474300000105	-1.2224138
-0.018114850000008786	-1.7570018
-0.6655915299999915	-0.55393666
-1.8667751400000068	-1.8604351
-1.5386839999999804	-1.6905644
-0.8839138199999663	-0.8578213
-0.584734569999986	-0.36871332
-0.9114865400000038	-1.0384719
-1.5423388499999842	-1.5498039
-0.16698482000000148	-0.1457824
-0.1767209600000026	-0.0519769
-0.6089951699999769	-0.52590257
-0.27856729000000335	-0.21126693
-0.004545009999999294	-0.043817572
-0.31641294000001174	-0.28440085
-1.2250791400000107	-1.4150653
-1.5548193700000095	-1.6189611
-1.5454461499999947	-1.4121234
-0.5926673600000019	-0.51504594
-0.13359444999999504	0.044347614
-0.017311160000010872	-0.007165134
-1.76911666	-1.5885577
-0.4528130499999943	-0.55299044
0.029999789999985538	-0.045711685
-1.271734960000023	-1.292416
-0.9809294400000024	-1.013357
-0.77492464	-0.84285283
-0.33401883999998994	-0.38459262
-0.7009621000000035	-0.692942
-1.1776371399999928	-1.0533133
-0.43389676000002986	-0.5108951
-1.396309829999998	-1.612464
-0.020478039999998643	0.00013813749
-1.9472143799999966	-1.9145577
-0.10495268000001623	-0.30671448
-1.6751546899999905	-0.88256764
0.5852456300000117	0.12677878
-0.017677830000016215	0.013811715
-0.4122016500000054	-0.24537581
-0.4428012900000251	-0.40527993
-0.018973909999990823	-0.01956901
-0.04221991000001957	-0.038147315
-0.02212446999999962	0.027920835
-0.2972379199999917	-0.48147234
-0.4208622800000139	0.035968572
-1.309072469999995	-1.2572777
-0.31282982999998943	-0.315304
-0.6706399199999904	-0.634813
-0.543889609999999	-0.57385945
-0.3665834900000018	-0.47739223
-0.3648428600000013	-0.20497173
-0.8526685400000158	-0.96007824
0.02672588000002385	0.0219158
-1.9508215800000155	-1.8799156
0.039492599999997324	0.04967708
-0.5184738999999947	-0.6015651
-1.8480006199999846	-1.8298188
-0.36734686000000316	-0.37069947
-0.491775560000006	-0.22109526
-1.3434467599999973	-1.449173
-1.0942976200000114	-0.9976547
-0.3873666299999936	-0.51949364
-0.6979899199999888	-0.797312
-0.0709935099999992	-0.15268824
-0.5717568800000006	-0.43300208
-1.1508717700000002	-1.1011381
-0.4268984600000092	-0.49954686
-1.1336851500000105	-1.166747
-1.223837470000026	-1.7247243
-1.0184330799999994	-0.92071533
0.4400704400000084	0.09037725
-0.36962810000000523	-0.2772582
-1.9839519899999996	-1.9088695
-0.3520117399999858	-0.3700582
-1.6147030700000098	-1.5134215
-0.18766663000000072	-0.43054235
-2.2544543400000006	-2.2167547
-0.3159450900000049	-0.4100545
-0.9053430000000073	-0.97350043
-0.8984939699999952	-0.32049897
-0.11846776999998632	-0.2710257
-0.22647307999999633	-0.3693428
-2.106331790000004	-1.6202722
-0.711334930000012	-0.84008586
-0.1804023099999963	-0.1474696
-2.023287119999983	-1.7675853
-1.4549410299999774	-1.4308133
0.09392374999999653	-0.0059053637
-0.8682032599999641	-1.3384514
-0.0009170899999926263	-0.12756628
-0.48100025999999296	-0.9323822
-0.34677488999999717	-0.4191882
-0.06014856999995821	-0.029128546
-0.01736614999999908	-0.11823041
-1.2327863400000094	-1.3852525
-0.9517301899999975	-0.94482136
-1.2569647900000032	-1.478655
-0.5368249800000111	-0.5903811
-0.06999153000000113	0.010151073
-0.7698964900000007	-0.8095154
-0.5172377000000008	-0.59609866
-0.16691705000000034	-0.08942288
-0.12045573000000864	0.08870097
-1.2869844099999934	-1.3436334
-0.8440490900000182	-0.8397131
-0.7962317100000202	-0.52098554
-1.9908830800000228	-1.6052252
-1.2481621699999916	-1.2764282
-0.9903451500000013	-1.0599042
-0.7667160399999968	-1.0088255
-0.023608509999979432	-0.16503918
-0.5444375900000065	-0.35633677
-1.2850127299999965	-1.4158577
-0.6951172099999976	-1.1471751
-0.22787216999999593	-0.23169252
-0.8080077499999927	-1.0407301
-0.306457	-0.18100381
-1.0116987100000028	-0.9210868
-0.5521023100000004	-0.5287136
-1.1519696399999955	-1.3791898
-0.5212451599999977	-1.3518289
-1.4064670600000024	-1.25405
-1.6531942799999708	-1.5867174
-1.8999479399999952	-1.8733457
0.0028348999999909807	-0.06195722
-0.4182794000000083	-0.3720504
-0.6852810299999899	-0.45115054
-1.1241898999999957	-1.3167906
-0.6753678900000093	-0.41389862
-0.29756472999999595	-0.2811398
-0.5649116500000044	-0.47009447
-0.21264101000001823	-0.13810164
-1.1930308599999844	-0.8428222
-0.86926963999999	-1.0585183
-1.3414092500000034	-1.3406148
0.08672248000001481	0.0551769
-1.0537539599999999	-1.1245563
-0.30994802999999216	-0.16187596
0.26015059000000385	0.24784377
-0.6904603299999987	-0.58480936
-0.627903569999992	-0.5615673
-0.537283989999997	-0.4943465
-0.007915789999989542	0.033380143
-0.35216224000000373	-0.0485325
-0.6640086699999781	-0.62982655
-0.5214508200000036	-0.49021357
-1.8627063800000112	-1.7350063
-1.3857081899999937	-1.4250371
-0.048038389999979	-0.18751144
-0.3513262699999924	-0.45955393
-0.5624027600000172	-0.49566898
-0.6617712600000001	-0.8285579
-1.3467106200000014	-1.330658
-1.788306390000022	-1.825736
-1.463914100000002	-1.4770737
-0.6237877600000044	-0.5110196
-1.666127329999986	-1.6450934
-1.5936704899999992	-1.3092158
-0.30321049999999694	-0.33027875
-1.43435618	-0.84026515
-1.8016444700000047	-1.7468169
-1.3035058300000255	-1.3287783
-1.519185360000014	-1.6334542
-2.1726880799999915	-2.0593874
-0.5116140200000157	-1.4601543
-0.23202457999999204	-0.20158353
-0.2869276200000055	-0.3193947
-1.414207739999986	-1.3635654
-0.010048819999992631	0.014962494
-0.11841337999999801	-0.17822883
-0.24890806999998993	-0.18037522
-0.03355281000000154	-0.09829226
0.13906293000000325	0.0734021
-0.48346226000000136	-0.5785347
-0.40545214999999324	-0.46931967
-0.005445599999992723	-0.03973755
-0.1988421199999859	-0.041339584
-0.39308222999999565	-0.33236748
-0.3732883799999822	-0.33679837
-1.8824786400000075	-1.7390143
-1.4794219400000141	-1.3976852
-1.162933629999996	-1.1400795
-1.273815310000023	-1.3959745
-1.6948657999999934	-1.8110987
-0.33724411999999937	-0.2999784
-0.8569594999999932	-0.95602864
-0.5695122099999903	-0.82851917
-1.1249763400000088	-1.2992129
-1.5200072200000019	-1.7423801
-1.4836017100000074	-1.5993594
-0.060562810000012846	0.01541058
-0.025559300000010055	-0.058878206
0.6147277400000011	-0.14902136
-0.3163688499999946	-0.33641434
-1.990397149999998	-1.9925059
-0.8344369500000024	-0.4842909
-0.7711074299999918	-0.8103497
-0.4531990500000145	-0.4815508
0.227957599999991	0.08546168
-0.27384393999999723	-0.30149502
-0.8228903000000027	-0.84499496
-0.009830829999989632	-0.01769577
-0.3896496000000038	-0.3175073
-1.089113139999986	-0.80054253
-1.7470774799999997	-1.690539
-0.5445247500000132	-0.4930112
-0.7679599400000026	-0.6481513
-1.2375682200000053	-1.1488556
0.724435250000008	0.598449
0.2587766899999995	0.04116156
-1.042371870000002	-0.9050133
-0.0005320300000004607	-0.18360528
-0.8015679399999893	-0.94329756
-1.9015991900000042	-1.8650793
-2.247210299999997	-2.1985614
-0.34661336999999115	-0.45243907
-0.9905587600000043	-0.8731162
-0.06941159999998625	-0.32083997
0.0028887500000056576	0.18658978
-0.3540918400000077	-0.4308788
-0.08837305999997191	-1.617235
-0.6880100400000142	-0.57727844
-0.5886669199999996	-0.7093878
-0.1819594099999957	-0.38671592
-0.3097944099999861	-0.22970372
-0.31109979999999915	-0.464553
-0.38004682000000933	-0.18511537
-0.28589296000003195	-0.17032656
-0.7839564500000247	-0.6888387
-1.4739959600000159	-1.3907278
-0.46262544999999555	-0.50031495
-0.694122240000004	-0.57303673
-0.8473735400000262	-0.9657934
-0.29553991000000757	-0.5270333
-1.9888303199999964	-1.9568739
-1.3155532699999863	-1.2028154
-0.0055854500000034335	0.03459215
-0.0305396899999959	-0.07875879
-0.0019233100000004555	-0.026918823
-0.2365439200000221	0.03122247
-0.060333329999982865	-0.24323145
-1.894929049999993	-1.9898863
-1.4284843200000008	-1.5010831
-0.5022979099999869	-0.65758467
-0.731167619999999	-0.88423765
-2.2699621700000048	-2.1711867
-0.06121053999999582	-0.09923416
-0.009508589999986938	-0.032915976
-1.407202879999991	-1.318551
-0.7752948700000015	-0.88906455
-1.675214389999999	-1.6415479
-2.1441736599999697	-2.0279694
-1.6893269300000124	-1.5803849
-0.26210610000000223	-0.43194497
-0.11683565999999779	-0.17061597
-0.7376795400000073	-0.43808377
-0.10672991000000387	-0.35816142
-0.2946129800000019	-0.26889712
-1.2647577000000094	-1.0236311
-1.5164044500000013	-1.4891145
-0.47727744999999366	-0.5368349
-2.148148470000015	-2.1140435
-0.4822925300000005	-0.59012085
-0.018845239999953023	0.06232968
-0.12970956000000022	-0.0477938
-0.31883774000001175	-0.35939422
-1.9192904299999807	-1.7824423
-0.02534383000004503	-0.021089248
-0.018922499999993292	0.020400144
-0.36714000999997687	-0.51368785
-0.5748390800000234	-0.613593
-1.0863672500000146	-1.025253
0.1219189599999968	0.1862536
-2.0210954400000016	-1.2390532
-0.057527139999995924	-0.11125831
-0.1653928500000088	-0.1280785
-0.42459429000000704	-0.3286551
-0.8200066900000014	-0.65612805
-0.6542930900000012	-0.5373483
-0.01418040999999981	-0.12493557
-0.3822569400000102	-0.41333494
0.007369500000004692	0.067765936
-1.6593654099999835	-1.6464694
-1.3218219100000024	-1.2881062
-0.5539816500000025	-0.5282204
-1.0999895900000123	-1.07567
-0.01556638000000099	0.081810765
-2.2148729499999913	-2.0982625
-0.5473860599999991	-0.46328774
0.0219770499999985	0.029432625
-0.33575706000000416	-0.34086618
-1.473330499999994	-1.5137649
-0.6675535400000054	-0.5728626
0.020657030000004184	-0.05772809
-1.143799410000005	-0.6253345
-1.5805118599999926	-1.4651079
-2.0870971700000123	-2.0172658
-1.2393926700000204	-1.3285065
-0.013399890000000525	-0.21236649
-0.060586389999988555	-0.13768387
0.038329659999996935	-0.106146164
-2.044975539999987	-1.9659969
-1.6752854699999968	-1.5015793
-0.6806315299999905	-0.7465102
-0.4251906100000067	-0.68221575
0.2875682799999968	-0.034044895
-1.427237520000011	-1.0784956
-1.6451420500000093	-1.6662271
-0.46440729999999597	-0.48905718
-0.6051821099999781	-0.38894328
-0.5866000700000082	-0.53598213
-0.7607594299999985	-0.84269124
-0.029620409999997932	-0.19525209
-2.3166185399999986	-1.7679989
-0.19708623999999553	-0.12786303
-0.8413100999999781	-0.6555132
-0.6472234900000071	-0.5934408
-0.04036405000001331	-0.08978592
-1.5827378199999966	-1.676776
-0.1137092300000031	-0.13204902
0.31872827999999664	0.11510018
-0.5386471300000064	-0.5551631
-1.8222602599999984	-1.5447725
-2.9536661499999948	-2.5165997
-0.02564244000000393	-0.035219684
0.8911204799999926	0.030901454
-0.3472299600000124	-0.34595796
-1.2340784700000054	-1.09423
-0.050511859999991415	-0.036745086
0.027946809999983557	-0.31230977
-0.450715019999981	-0.5120145
-0.18438295000000515	-0.29198134
-0.045154380000004934	0.004535407
-1.1608546000000128	-1.2316619
-0.44912624000000356	-0.53376174
-0.01787783999999526	0.027845435
-0.6506864999999973	-0.54919225
-0.18973315999999407	-0.45619646
-1.1976033000000168	-1.2000961
-0.16072838000001433	-0.19757575
-0.9144580000000158	-0.9176998
-1.6514322000000075	-1.5006647
-0.4687779400000007	-0.2225945
-0.19402113999998072	-0.14155516
-1.2039867100000006	-1.26086
-1.1931314799999964	-1.2218475
-0.33124293000000726	-0.4055516
-1.490442160000006	-1.8530798
-0.2864261600000102	-0.32425788
0.013871180000004202	-0.16099897
-1.7461682199999498	-2.0570629
-1.3065065100000108	-1.5221012
-0.07173686000000679	-0.040571168
-1.5428166899999862	-1.6593626
-0.9892867999999932	-1.1203345
-0.018637630000005956	0.04878921
-1.5138415799999958	-1.4949135
-0.5056036899999778	-0.66998804
-0.09343810999999924	-0.24320605
-2.3085086399999977	-1.4739391
-1.1167682099999947	-1.2054292
-0.26645559000001207	-0.2435002
-1.4432259199999944	-1.3474379
-1.1794276299999975	-1.3319687
-0.2171503100000134	-1.4801785
0.17556772000001253	0.07681977
-0.018492599999992976	-0.04613834
0.320057389999997	0.12110064
-0.543010409999999	-0.4837941
-0.37903482000000643	-0.6978823
-0.11214350000000728	-0.6276658
0.011610619999979477	-0.057070963
-0.6080862000000007	-0.6703636
-0.5525072799999986	-0.33832675
-0.32579063999999924	-0.3269409
-0.1257035300000009	-0.019629274
-0.3011048600000006	-0.28159374
-1.2474329800000046	-1.3294927
0.12578911999998788	0.06511628
0.05117371000000226	0.040248275
-0.5584673100000028	-0.48297852
-1.6129392699999894	-1.7405499
-1.7602697899999864	-1.7145125
-0.6176661400000025	-0.48389703
-0.4528468599999993	-0.27884886
-0.48938358000000015	-0.35471755
-0.6100910499999994	-0.7044625
-0.22752860999999847	-0.33384132
-1.4917579899999875	-1.4132723
-0.8991108700000066	-1.0011435
-0.8945304599999897	-0.986565
-0.010940170000017346	0.04146541
0.011653760000010394	-0.0624633
-0.4174479599999952	-0.39281458
-0.005529140000012589	0.036537096
-0.5788070100000038	-0.44175503
-0.4896786200000047	-0.29895148
-0.6776674700000083	-0.62223166
-1.0892691100000231	-0.8871858
-2.0902648799999977	-1.94396
-0.6745995900000015	-0.5182182
-0.3161204900000012	-0.3141672
-0.3047687400000054	-0.40396166
-0.4007293900000004	-0.59215397
-1.3116777100000174	-1.263566
-1.4915825100000202	-1.5991787
-1.6827170099999957	-1.141832
-2.0103134699999625	-1.9066817
0.30501030000000107	0.21977365
-0.38115922999999974	-0.33875924
-0.3270272900000375	-0.6608221
0.07318758000000081	0.14529201
-1.0728102199999991	-1.1085533
-0.951924190000005	-0.95082676
0.10717671999999823	-0.13819514
-0.22577924000001381	-0.39857695
0.19791115999999853	0.123892166
-1.7398169899999996	-1.5773429
0.19238112000000207	0.19604412
-0.5740584000000037	-0.6316162
-0.0013966899999982019	0.02173207
-0.3246425400000046	-0.4503617
-0.4108878000000029	-0.831425
-0.09891623999999943	-0.42140958
-0.5074167800000051	-0.5681071
-0.1658807499999977	-0.3902881
-0.08212063000001102	-0.18133566
0.05532807000000339	-0.21188939
-2.2824198800000115	-2.099417
0.09964505000000123	-0.03117387
-0.7027537300000031	-0.5540098
-0.6287124700000017	-0.50873107
-0.45171916000000145	-0.38798302
-0.4596059400000083	-0.39461687
-0.7878250399999924	-0.81733125
-0.03711138999999797	-0.13456155
-1.4306425300000054	-0.066359825
-0.9277152200000298	-1.0131284
-0.22034164000003464	-0.47423357
-0.8163428399999955	-0.71352565
-0.6592611299999955	-0.807739
-0.13295443999999712	-0.33281705
-1.142565809999999	-1.2048405
-0.2829316900000034	-0.334454
0.20068450000000304	-0.26611453
-0.6203270900000089	-0.8121176
-0.47318390999999416	-0.4564331
-0.25433091999999213	-0.3145187
-0.5100200999999966	-0.30963573
-1.7473363799999984	-1.79306
-0.8108527900000038	-0.8008549
-0.5319436000000106	-0.43589246
-2.0469375299999992	-2.1360338
-0.39746245000001146	-0.26930055
-0.6305476099999989	-0.8113217
-0.011991729999996537	-0.11461683
-0.06611812000004669	-0.10613931
-0.2943320199999899	-0.20522183
-1.7745385100000046	-1.6593413
-0.5603542800000039	-0.663856
-0.5955700799999786	-0.5677583
-1.5748237399999905	-1.4943376
-0.7837392999999704	-0.71589863
-0.6142935000000076	-0.57612085
-0.011427600000009974	0.08915462
-1.6409666200000057	-1.8629615
-0.11527516000000126	-0.03797319
-1.347045910000011	-1.4125689
-1.2172446700000048	-1.3890786
-0.9698648000000016	-1.0306196
0.04971215999996481	-0.15300724
-0.862110239999998	-0.87117076
-1.3940454100000093	-1.242595
-0.4617084600000023	-0.41720298
0.028621670000008592	0.006302122
-0.07119809999999482	-0.10489194
-0.18954402999999864	-0.37344727
-0.24937677000001734	-0.3710954
-1.405265380000051	-1.0942116
-0.06838619000000357	-0.27507818
-0.4760182199999914	-0.08579574
-0.28680614000000126	-0.37821883
-0.6036579100000008	-0.792024
-0.2228339299999984	-0.20911098
-1.667150000000012	-1.7237527
-2.008623609999992	-1.9275906
-0.9062144700000001	-1.1631386
-2.7132065200000195	-2.5542667
-0.06242761999999935	-0.04798111
0.01941854000001264	0.08538354
-0.10667159000001014	0.116466545
-0.42519523000000525	-0.49668354
-1.387151170000001	-1.5424377
-1.6437924000000148	-1.6658314
-1.2667043300000014	-1.0852125
-0.12247212999999668	-0.07408459
-0.381218319999979	-0.3550805
-1.6912689399999774	-1.7337987
-1.7728325500000235	-1.8522978
-0.1308954499999988	-0.0018877871
-2.2016351100000033	-2.1818252
-0.0008867699999992595	-0.022689566
-1.1001672399999958	-1.0412488
-0.17173966999999912	-0.39435542
0.001809480000000363	0.017075397
-1.541371340000003	-1.5426407
-2.018195170000004	-1.694753
-0.6736949600000113	-0.6311025
-0.11551485000000206	-0.076056175
-0.3859899199999912	-0.34100634
-1.8909625799999983	-1.5943468
-1.2565554299999988	-0.84694254
-0.28249113000000214	-0.41876373
-0.18443778999999516	-0.11029723
-0.0864953900000014	-0.004795965
-2.144531259999999	-2.0940366
-1.3046940700000018	-1.4189794
-0.10387587000000131	-0.16592051
-0.061503360000008556	-0.050114177
-1.4722745999999827	-1.4804864
-0.3240788999999946	-0.46946394
-0.322204410000003	-0.3130873
-0.45985192000001085	-0.16231132
-0.9010257099999972	-0.84069216
-0.09783395000000006	-0.21335956
-0.24290534999999203	-0.3174052
-0.013416720000000382	-0.18465325
-0.4578760799999966	-0.34686184
-1.1713475299999967	-1.302648
-0.30685351999999533	-0.33586642
-0.27686071999999307	-0.11504794
-0.8686353400000026	-0.7881434
-0.2138966200000052	-0.0018593818
0.3944722799999969	0.33297724
-0.9311174199999837	-0.9167523
-0.5820114699999888	-0.43330547
-0.4626633399999971	-0.27196303
-0.9796267800000091	-0.906007
-0.012151469999983178	-0.28633642
-1.4059399399999872	-1.518671
-0.1610908800000086	-0.20272374
-0.31329692999999814	-0.30045685
-1.220518249999989	-1.3593103
0.036358369999996754	-0.0045579784
-1.3467892599999711	-1.249728
-0.27048331000000836	-0.22160712
-0.33609808999999835	-0.49758467
-0.6604437700000201	-0.4186728
-1.7363928600000005	-1.494564
-0.13917882000000326	-0.10261761
-0.4408197299999994	-0.3535936
-0.6263905300000001	-0.5339752
-2.2747063399999856	-1.4096153
-0.5389208200000066	-0.52827734
-0.24259694000000387	-0.27566117
-0.544617150000013	-0.36198676
-1.0196586199999924	-1.1538002
-0.9563643400000128	-0.71388316
-1.2437193299999958	-1.3228756
-1.3666383700000235	-1.3903692
-0.5451409199999997	-0.5092115
-0.32319973999999796	-0.6402207
-0.4785783899999867	-0.49556038
-1.3103009500000038	-1.3881426
-0.610104770000012	-0.7083124
0.011395879999996694	0.0445704
-1.3835688500000085	-1.3002876
-0.8673435000000236	-0.7110436
-0.726942830000004	-0.6100583
-0.050363169999988244	-0.10237944
-0.20696251999999582	-0.25212082
-0.5217938700000015	-0.26206997
0.005245029999992212	0.058713906
-0.7737079800000028	-0.71022654
0.5178590299999914	0.27832985
-1.1552352099999919	-1.0765215
-0.025222790000006157	0.025315031
-2.0409397300000034	-2.4011488
0.1986503599999967	0.0550711
-0.6143989400000063	-0.7015241
0.45561766000001036	0.074011706
-1.9240378200000006	-2.3095958
0.028879220000002093	-0.321615
0.002786809999998141	0.07374666
-0.1529463900000021	-0.096412644
-0.5766887300000203	-0.4495338
-0.659498189999999	-0.593886
-0.7956613999999913	-0.7125153
-0.5594694199999903	-0.5812351
0.14561615000000394	0.14432305
-0.274175650000009	-0.31381232
-0.1426786100000097	-0.071518295
-1.3988279100000138	-1.3419671
0.3349429800000028	0.059258476
-0.6571610399999965	-0.6278607
-0.00021999000001038382	3.9421022e-05
-1.8403691399999982	-1.647991
-0.4100454999999865	-0.43476546
-0.8484164400000136	-0.8514097
-0.10097791000000278	-0.1353675
-0.7557547199999899	-0.5928699
-0.9347394999999974	-0.9880984
-1.2597501499999932	-1.3459009
0.17881243000000246	-0.0205945
-0.014124919999991548	-0.05393867
-1.0925448199999916	-1.1208167
-1.8157859800000065	-1.819328
-0.43751300000000093	-0.46064115
-0.9451076000000196	-0.97704273
-1.6112019799999953	-1.6512808
-0.27831986999999536	-0.27151725
-0.7016641400000108	-0.7327234
-1.837174679999995	-1.8066535
-0.16852674000000256	-0.16010627
-0.24402822000000235	-0.137049
-0.5897865200000023	-0.53418785
-0.014879249999998123	-0.02953757
-0.28541477000000803	-0.361039
-0.4860672200000149	-0.43225515
-1.17878565	-1.1089592
-1.2852255299999964	-1.2490492
-1.5082371399999968	-1.4711093
-0.000770129999997593	-0.20868027
0.013172399999996642	0.07052418
-0.5460162000000164	-0.45490965
-0.48791636999998467	-0.43514633
-0.39752770999998255	-0.45900077
-0.32386141000000457	-0.417949
-1.5435344199999772	-1.6120825
-1.1743738799999957	-1.0782247
-0.16002800000000228	-0.100878865
-0.019575870000002382	-0.009483833
-0.2312195600000191	-0.23835403
-0.08913553000001251	-0.27497858
-0.8716787700000079	-0.6388031
-1.5247671600000015	-1.6753123
-0.0014408100000107282	-0.009407766
-0.003588489999989619	-0.47688887
-0.6141343200000104	-0.51275414
-0.3565846299999773	-0.40916353
-0.5793141600000009	-0.5743701
-0.6507791600000044	-0.6182646
-0.221695709999997	-0.13164842
